Level,Low Trust,Medium Trust,High Trust
Low,-0.0950505,0.0882423,0.2715351
Medium,-0.323672,-0.2616688,-0.1996656
High,-0.5838275,-0.6598435,-0.7358595